{"noiseKey":{"private":{"type":"Buffer","data":"CGdtgE7t93jVx+lts0yo4F+Ptgzabw2a1iF8EOXpRUs="},"public":{"type":"Buffer","data":"errOn/37/VallLjtFsuloAGOYNzAeetm9qQCmKEmczY="}},"pairingEphemeralKeyPair":{"private":{"type":"Buffer","data":"MKF/mYiHYewrKJdysRYFVOWCvIW1AtI/uXo+74awxEE="},"public":{"type":"Buffer","data":"Sl3mHbXW2lzwURZz66TzCl/BWcNz+DFTNTwq4Hl+ORw="}},"signedIdentityKey":{"private":{"type":"Buffer","data":"4Hk4lpiKifvURhSQgXtIymuZ3AvkgFV+/oHdmOCNs3g="},"public":{"type":"Buffer","data":"XGU6zsoMJh60tGBheMjMMjqFsmhVs+CxSVdC6cA7qyM="}},"signedPreKey":{"keyPair":{"private":{"type":"Buffer","data":"iOBGmCHmLLU3FPk7ZqLem2sOj7sOvfVR7PDr1VvnUFc="},"public":{"type":"Buffer","data":"wtKUkjI0udzS4eNvFLmXMZJBrOHHRD78GlFjD7FFAR8="}},"signature":{"type":"Buffer","data":"bBVDDvnq6CI8pX/uOgCmrdZRO9bwErHIwXJIRa0kLKq7pssd07J/bci+pns+TDCLvkRkLOwVqcHn7ROe76t/gw=="},"keyId":1},"registrationId":116,"advSecretKey":"Vzi8SsegxPDMRTLqW5ZoAu3TCUQcZdLrfJam8ZRCqhg=","processedHistoryMessages":[],"nextPreKeyId":31,"firstUnuploadedPreKeyId":31,"accountSyncCounter":0,"accountSettings":{"unarchiveChats":false},"deviceId":"djNez8f5TDGDqXEf-gYUiA","phoneId":"89b9607a-b0e2-45be-a4ad-03b6505eb212","identityId":{"type":"Buffer","data":"SdtZ12GsM5HQFbbezVaVl4owz5A="},"registered":true,"backupToken":{"type":"Buffer","data":"UcBn4lIj3BUwarmEKvegN3V15vs="},"registration":{},"pairingCode":"XS36DENC","me":{"id":"254705874237:28@s.whatsapp.net","name":"Meeee."},"account":{"details":"COup650HEPSM/7YGGAIgACgA","accountSignatureKey":"4jobvQxW6MUKcvSzyhgJjrMKC1v81saI9dlpE2uu6Ao=","accountSignature":"CWzJCV/dAB49MnCGV9bd2g069mnX0foI/BcpfqpihzyNyClIHrJaKUmQ5+tbnMG+hTlcELa/h4l0F5BgPMEVBw==","deviceSignature":"Wzc1VHU0QePTdOqHmxHcDbd4hYZ5y6pf2TnBd1XJIZ4vXTqT6jzIV9P7s3zbfKzrJp61qfa9GQylDrI3RAnihw=="},"signalIdentities":[{"identifier":{"name":"254705874237:28@s.whatsapp.net","deviceId":0},"identifierKey":{"type":"Buffer","data":"BeI6G70MVujFCnL0s8oYCY6zCgtb/NbGiPXZaRNrrugK"}}],"platform":"smba","lastAccountSyncTimestamp":1725941378}
